{"cameraMode":{"drawMode":0,"name":"Shaded","section":"Shading Mode"},"sceneLighting":true,"audioPlay":false,"sceneViewState":{"showFog":true,"showMaterialUpdate":false,"showSkybox":true,"showFlares":true,"showImageEffects":true,"showParticleSystems":true},"in2DMode":false,"pivot":{"x":-3.078519344329834,"y":-7.812094688415527,"z":17.147497177124025},"rotation":{"x":0.21399497985839845,"y":-0.054182980209589007,"z":0.011888704262673855,"w":0.9752600193023682},"size":12.459680557250977,"orthographic":false}